Seq_ID,Mutant_ID,Seq,Mutant,MIC(uM)
>Seq1,Original_Seq1,AAAEQLKTTY,>Original_Seq1,0.1914447496367979
>Seq1,Mutant_A1C_Seq1,CAAEQLKTTY,>Mutant_A1C_Seq1,0.22205669896060126
>Seq1,Mutant_A1D_Seq1,DAAEQLKTTY,>Mutant_A1D_Seq1,0.19078240112006986
>Seq1,Mutant_A1E_Seq1,EAAEQLKTTY,>Mutant_A1E_Seq1,0.18698571979529874
>Seq1,Mutant_A1F_Seq1,FAAEQLKTTY,>Mutant_A1F_Seq1,0.24215454730665695
>Seq1,Mutant_A1G_Seq1,GAAEQLKTTY,>Mutant_A1G_Seq1,0.18582287305387687
>Seq1,Mutant_A1H_Seq1,HAAEQLKTTY,>Mutant_A1H_Seq1,0.2025008684080115
>Seq1,Mutant_A1I_Seq1,IAAEQLKTTY,>Mutant_A1I_Seq1,0.19573857406413567
>Seq1,Mutant_A1K_Seq1,KAAEQLKTTY,>Mutant_A1K_Seq1,0.2063263521281643
>Seq1,Mutant_A1L_Seq1,LAAEQLKTTY,>Mutant_A1L_Seq1,0.193982713568714
>Seq1,Mutant_A1M_Seq1,MAAEQLKTTY,>Mutant_A1M_Seq1,0.20833830178980461
>Seq1,Mutant_A1N_Seq1,NAAEQLKTTY,>Mutant_A1N_Seq1,0.18061629974044072
>Seq1,Mutant_A1P_Seq1,PAAEQLKTTY,>Mutant_A1P_Seq1,0.18111776931935988
>Seq1,Mutant_A1Q_Seq1,QAAEQLKTTY,>Mutant_A1Q_Seq1,0.189333289484622
>Seq1,Mutant_A1R_Seq1,RAAEQLKTTY,>Mutant_A1R_Seq1,0.21095394903250445
>Seq1,Mutant_A1S_Seq1,SAAEQLKTTY,>Mutant_A1S_Seq1,0.19778432529636245
>Seq1,Mutant_A1T_Seq1,TAAEQLKTTY,>Mutant_A1T_Seq1,0.20646941623393
>Seq1,Mutant_A1V_Seq1,VAAEQLKTTY,>Mutant_A1V_Seq1,0.20532767518801648
>Seq1,Mutant_A1W_Seq1,WAAEQLKTTY,>Mutant_A1W_Seq1,0.2510418858097433
>Seq1,Mutant_A1Y_Seq1,YAAEQLKTTY,>Mutant_A1Y_Seq1,0.24299524699533814
>Seq1,Mutant_A2C_Seq1,ACAEQLKTTY,>Mutant_A2C_Seq1,0.24451586836183484
>Seq1,Mutant_A2D_Seq1,ADAEQLKTTY,>Mutant_A2D_Seq1,0.20604052123831013
>Seq1,Mutant_A2E_Seq1,AEAEQLKTTY,>Mutant_A2E_Seq1,0.19560294543412782
>Seq1,Mutant_A2F_Seq1,AFAEQLKTTY,>Mutant_A2F_Seq1,0.2564945363342851
>Seq1,Mutant_A2G_Seq1,AGAEQLKTTY,>Mutant_A2G_Seq1,0.18556544632863112
>Seq1,Mutant_A2H_Seq1,AHAEQLKTTY,>Mutant_A2H_Seq1,0.20532767518801648
>Seq1,Mutant_A2I_Seq1,AIAEQLKTTY,>Mutant_A2I_Seq1,0.2074736463974956
>Seq1,Mutant_A2K_Seq1,AKAEQLKTTY,>Mutant_A2K_Seq1,0.2268797888292902
>Seq1,Mutant_A2L_Seq1,ALAEQLKTTY,>Mutant_A2L_Seq1,0.20504322779918158
>Seq1,Mutant_A2M_Seq1,AMAEQLKTTY,>Mutant_A2M_Seq1,0.2144926326071727
>Seq1,Mutant_A2N_Seq1,ANAEQLKTTY,>Mutant_A2N_Seq1,0.2063263521281643
>Seq1,Mutant_A2P_Seq1,APAEQLKTTY,>Mutant_A2P_Seq1,0.1846672579478201
>Seq1,Mutant_A2Q_Seq1,AQAEQLKTTY,>Mutant_A2Q_Seq1,0.20124153440528042
>Seq1,Mutant_A2R_Seq1,ARAEQLKTTY,>Mutant_A2R_Seq1,0.24215454730665695
>Seq1,Mutant_A2S_Seq1,ASAEQLKTTY,>Mutant_A2S_Seq1,0.21168632809063176
>Seq1,Mutant_A2T_Seq1,ATAEQLKTTY,>Mutant_A2T_Seq1,0.21271593237663514
>Seq1,Mutant_A2V_Seq1,AVAEQLKTTY,>Mutant_A2V_Seq1,0.2030630990890589
>Seq1,Mutant_A2W_Seq1,AWAEQLKTTY,>Mutant_A2W_Seq1,0.2635228558226845
>Seq1,Mutant_A2Y_Seq1,AYAEQLKTTY,>Mutant_A2Y_Seq1,0.27700808696623147
>Seq1,Mutant_A3C_Seq1,AACEQLKTTY,>Mutant_A3C_Seq1,0.23164701547259273
>Seq1,Mutant_A3D_Seq1,AADEQLKTTY,>Mutant_A3D_Seq1,0.18854750958582236
>Seq1,Mutant_A3E_Seq1,AAEEQLKTTY,>Mutant_A3E_Seq1,0.1865972979121191
>Seq1,Mutant_A3F_Seq1,AAFEQLKTTY,>Mutant_A3F_Seq1,0.2529633002567322
>Seq1,Mutant_A3G_Seq1,AAGEQLKTTY,>Mutant_A3G_Seq1,0.18492343865610467
>Seq1,Mutant_A3H_Seq1,AAHEQLKTTY,>Mutant_A3H_Seq1,0.19943630995225822
>Seq1,Mutant_A3I_Seq1,AAIEQLKTTY,>Mutant_A3I_Seq1,0.19601011351893466
>Seq1,Mutant_A3K_Seq1,AAKEQLKTTY,>Mutant_A3K_Seq1,0.21051573840210397
>Seq1,Mutant_A3L_Seq1,AALEQLKTTY,>Mutant_A3L_Seq1,0.20180026862619121
>Seq1,Mutant_A3M_Seq1,AAMEQLKTTY,>Mutant_A3M_Seq1,0.2144926326071727
>Seq1,Mutant_A3N_Seq1,AANEQLKTTY,>Mutant_A3N_Seq1,0.1794930638279294
>Seq1,Mutant_A3P_Seq1,AAPEQLKTTY,>Mutant_A3P_Seq1,0.1744638455152708
>Seq1,Mutant_A3Q_Seq1,AAQEQLKTTY,>Mutant_A3Q_Seq1,0.1868561560793673
>Seq1,Mutant_A3R_Seq1,AAREQLKTTY,>Mutant_A3R_Seq1,0.2144926326071727
>Seq1,Mutant_A3S_Seq1,AASEQLKTTY,>Mutant_A3S_Seq1,0.20110209273547894
>Seq1,Mutant_A3T_Seq1,AATEQLKTTY,>Mutant_A3T_Seq1,0.21022410381342863
>Seq1,Mutant_A3V_Seq1,AAVEQLKTTY,>Mutant_A3V_Seq1,0.20096274768578787
>Seq1,Mutant_A3W_Seq1,AAWEQLKTTY,>Mutant_A3W_Seq1,0.26188403177494934
>Seq1,Mutant_A3Y_Seq1,AAYEQLKTTY,>Mutant_A3Y_Seq1,0.25017334686564513
>Seq1,Mutant_E4A_Seq1,AAAAQLKTTY,>Mutant_E4A_Seq1,0.25596172510711057
>Seq1,Mutant_E4C_Seq1,AAACQLKTTY,>Mutant_E4C_Seq1,0.2877723728319407
>Seq1,Mutant_E4D_Seq1,AAADQLKTTY,>Mutant_E4D_Seq1,0.21598454685006932
>Seq1,Mutant_E4F_Seq1,AAAFQLKTTY,>Mutant_E4F_Seq1,0.3291917305148108
>Seq1,Mutant_E4G_Seq1,AAAGQLKTTY,>Mutant_E4G_Seq1,0.2550761648121144
>Seq1,Mutant_E4H_Seq1,AAAHQLKTTY,>Mutant_E4H_Seq1,0.32601268381464005
>Seq1,Mutant_E4I_Seq1,AAAIQLKTTY,>Mutant_E4I_Seq1,0.26590816822329616
>Seq1,Mutant_E4K_Seq1,AAAKQLKTTY,>Mutant_E4K_Seq1,0.2981272180826579
>Seq1,Mutant_E4L_Seq1,AAALQLKTTY,>Mutant_E4L_Seq1,0.2795154627414655
>Seq1,Mutant_E4M_Seq1,AAAMQLKTTY,>Mutant_E4M_Seq1,0.31381799782066083
>Seq1,Mutant_E4N_Seq1,AAANQLKTTY,>Mutant_E4N_Seq1,0.2515644558744454
>Seq1,Mutant_E4P_Seq1,AAAPQLKTTY,>Mutant_E4P_Seq1,0.21523729708472597
>Seq1,Mutant_E4Q_Seq1,AAAQQLKTTY,>Mutant_E4Q_Seq1,0.234717936828863
>Seq1,Mutant_E4R_Seq1,AAARQLKTTY,>Mutant_E4R_Seq1,0.33797770825703144
>Seq1,Mutant_E4S_Seq1,AAASQLKTTY,>Mutant_E4S_Seq1,0.25667238642999973
>Seq1,Mutant_E4T_Seq1,AAATQLKTTY,>Mutant_E4T_Seq1,0.2475857179832562
>Seq1,Mutant_E4V_Seq1,AAAVQLKTTY,>Mutant_E4V_Seq1,0.27490403732863783
>Seq1,Mutant_E4W_Seq1,AAAWQLKTTY,>Mutant_E4W_Seq1,0.3747499004388869
>Seq1,Mutant_E4Y_Seq1,AAAYQLKTTY,>Mutant_E4Y_Seq1,0.3060840981000511
>Seq1,Mutant_Q5A_Seq1,AAAEALKTTY,>Mutant_Q5A_Seq1,0.19546741078214838
>Seq1,Mutant_Q5C_Seq1,AAAECLKTTY,>Mutant_Q5C_Seq1,0.2352065268784469
>Seq1,Mutant_Q5D_Seq1,AAAEDLKTTY,>Mutant_Q5D_Seq1,0.19874631273724355
>Seq1,Mutant_Q5E_Seq1,AAAEELKTTY,>Mutant_Q5E_Seq1,0.1914447496367979
>Seq1,Mutant_Q5F_Seq1,AAAEFLKTTY,>Mutant_Q5F_Seq1,0.22750970602022477
>Seq1,Mutant_Q5G_Seq1,AAAEGLKTTY,>Mutant_Q5G_Seq1,0.1942518171960124
>Seq1,Mutant_Q5H_Seq1,AAAEHLKTTY,>Mutant_Q5H_Seq1,0.21718554628765585
>Seq1,Mutant_Q5I_Seq1,AAAEILKTTY,>Mutant_Q5I_Seq1,0.21360243522243327
>Seq1,Mutant_Q5K_Seq1,AAAEKLKTTY,>Mutant_Q5K_Seq1,0.2122740616117099
>Seq1,Mutant_Q5L_Seq1,AAAELLKTTY,>Mutant_Q5L_Seq1,0.21330652452801685
>Seq1,Mutant_Q5M_Seq1,AAAEMLKTTY,>Mutant_Q5M_Seq1,0.21256854001604897
>Seq1,Mutant_Q5N_Seq1,AAAENLKTTY,>Mutant_Q5N_Seq1,0.18124335410985648
>Seq1,Mutant_Q5P_Seq1,AAAEPLKTTY,>Mutant_Q5P_Seq1,0.18608065689581743
>Seq1,Mutant_Q5R_Seq1,AAAERLKTTY,>Mutant_Q5R_Seq1,0.21419548869214247
>Seq1,Mutant_Q5S_Seq1,AAAESLKTTY,>Mutant_Q5S_Seq1,0.1979214664678179
>Seq1,Mutant_Q5T_Seq1,AAAETLKTTY,>Mutant_Q5T_Seq1,0.20236055413685208
>Seq1,Mutant_Q5V_Seq1,AAAEVLKTTY,>Mutant_Q5V_Seq1,0.21598454685006932
>Seq1,Mutant_Q5W_Seq1,AAAEWLKTTY,>Mutant_Q5W_Seq1,0.24434644160270136
>Seq1,Mutant_Q5Y_Seq1,AAAEYLKTTY,>Mutant_Q5Y_Seq1,0.22037003947679254
>Seq1,Mutant_L6A_Seq1,AAAEQAKTTY,>Mutant_L6A_Seq1,0.1796175220680079
>Seq1,Mutant_L6C_Seq1,AAAEQCKTTY,>Mutant_L6C_Seq1,0.2112465961031284
>Seq1,Mutant_L6D_Seq1,AAAEQDKTTY,>Mutant_L6D_Seq1,0.16770527811028266
>Seq1,Mutant_L6E_Seq1,AAAEQEKTTY,>Mutant_L6E_Seq1,0.16700925979876244
>Seq1,Mutant_L6F_Seq1,AAAEQFKTTY,>Mutant_L6F_Seq1,0.20761750602272355
>Seq1,Mutant_L6G_Seq1,AAAEQGKTTY,>Mutant_L6G_Seq1,0.1744638455152708
>Seq1,Mutant_L6H_Seq1,AAAEQHKTTY,>Mutant_L6H_Seq1,0.17640948042608653
>Seq1,Mutant_L6I_Seq1,AAAEQIKTTY,>Mutant_L6I_Seq1,0.17506954011090062
>Seq1,Mutant_L6K_Seq1,AAAEQKKTTY,>Mutant_L6K_Seq1,0.18543686673014023
>Seq1,Mutant_L6M_Seq1,AAAEQMKTTY,>Mutant_L6M_Seq1,0.1845393007103541
>Seq1,Mutant_L6N_Seq1,AAAEQNKTTY,>Mutant_L6N_Seq1,0.165052855126875
>Seq1,Mutant_L6P_Seq1,AAAEQPKTTY,>Mutant_L6P_Seq1,0.15114445947917018
>Seq1,Mutant_L6Q_Seq1,AAAEQQKTTY,>Mutant_L6Q_Seq1,0.17182358694650363
>Seq1,Mutant_L6R_Seq1,AAAEQRKTTY,>Mutant_L6R_Seq1,0.19344562419279873
>Seq1,Mutant_L6S_Seq1,AAAEQSKTTY,>Mutant_L6S_Seq1,0.17899609265014294
>Seq1,Mutant_L6T_Seq1,AAAEQTKTTY,>Mutant_L6T_Seq1,0.18339166802091544
>Seq1,Mutant_L6V_Seq1,AAAEQVKTTY,>Mutant_L6V_Seq1,0.18633879834986508
>Seq1,Mutant_L6W_Seq1,AAAEQWKTTY,>Mutant_L6W_Seq1,0.21315872294198918
>Seq1,Mutant_L6Y_Seq1,AAAEQYKTTY,>Mutant_L6Y_Seq1,0.1935797569633051
>Seq1,Mutant_K7A_Seq1,AAAEQLATTY,>Mutant_K7A_Seq1,0.18920209912119737
>Seq1,Mutant_K7C_Seq1,AAAEQLCTTY,>Mutant_K7C_Seq1,0.23915203952296857
>Seq1,Mutant_K7D_Seq1,AAAEQLDTTY,>Mutant_K7D_Seq1,0.20819394272013728
>Seq1,Mutant_K7E_Seq1,AAAEQLETTY,>Mutant_K7E_Seq1,0.19655432303508294
>Seq1,Mutant_K7F_Seq1,AAAEQLFTTY,>Mutant_K7F_Seq1,0.21330652452801685
>Seq1,Mutant_K7G_Seq1,AAAEQLGTTY,>Mutant_K7G_Seq1,0.1906502066570355
>Seq1,Mutant_K7H_Seq1,AAAEQLHTTY,>Mutant_K7H_Seq1,0.18672668213904284
>Seq1,Mutant_K7I_Seq1,AAAEQLITTY,>Mutant_K7I_Seq1,0.19291002188236683
>Seq1,Mutant_K7L_Seq1,AAAEQLLTTY,>Mutant_K7L_Seq1,0.1975103279658443
>Seq1,Mutant_K7M_Seq1,AAAEQLMTTY,>Mutant_K7M_Seq1,0.1958742967373352
>Seq1,Mutant_K7N_Seq1,AAAEQLNTTY,>Mutant_K7N_Seq1,0.1668935379119885
>Seq1,Mutant_K7P_Seq1,AAAEQLPTTY,>Mutant_K7P_Seq1,0.16448181562862602
>Seq1,Mutant_K7Q_Seq1,AAAEQLQTTY,>Mutant_K7Q_Seq1,0.19778432529636245
>Seq1,Mutant_K7R_Seq1,AAAEQLRTTY,>Mutant_K7R_Seq1,0.20194019440240205
>Seq1,Mutant_K7S_Seq1,AAAEQLSTTY,>Mutant_K7S_Seq1,0.18841686369479763
>Seq1,Mutant_K7T_Seq1,AAAEQLTTTY,>Mutant_K7T_Seq1,0.20096274768578787
>Seq1,Mutant_K7V_Seq1,AAAEQLVTTY,>Mutant_K7V_Seq1,0.19929811913513404
>Seq1,Mutant_K7W_Seq1,AAAEQLWTTY,>Mutant_K7W_Seq1,0.22640849575445576
>Seq1,Mutant_K7Y_Seq1,AAAEQLYTTY,>Mutant_K7Y_Seq1,0.21809067644268962
>Seq1,Mutant_T8A_Seq1,AAAEQLKATY,>Mutant_T8A_Seq1,0.19819603415257112
>Seq1,Mutant_T8C_Seq1,AAAEQLKCTY,>Mutant_T8C_Seq1,0.21809067644268962
>Seq1,Mutant_T8D_Seq1,AAAEQLKDTY,>Mutant_T8D_Seq1,0.1659706447978047
>Seq1,Mutant_T8E_Seq1,AAAEQLKETY,>Mutant_T8E_Seq1,0.1868561560793673
>Seq1,Mutant_T8F_Seq1,AAAEQLKFTY,>Mutant_T8F_Seq1,0.23455529912516776
>Seq1,Mutant_T8G_Seq1,AAAEQLKGTY,>Mutant_T8G_Seq1,0.17604302836401012
>Seq1,Mutant_T8H_Seq1,AAAEQLKHTY,>Mutant_T8H_Seq1,0.19465617276541547
>Seq1,Mutant_T8I_Seq1,AAAEQLKITY,>Mutant_T8I_Seq1,0.21066170737578793
>Seq1,Mutant_T8K_Seq1,AAAEQLKKTY,>Mutant_T8K_Seq1,0.1846672579478201
>Seq1,Mutant_T8L_Seq1,AAAEQLKLTY,>Mutant_T8L_Seq1,0.21110022185594546
>Seq1,Mutant_T8M_Seq1,AAAEQLKMTY,>Mutant_T8M_Seq1,0.2199122689806089
>Seq1,Mutant_T8N_Seq1,AAAEQLKNTY,>Mutant_T8N_Seq1,0.16266773193024167
>Seq1,Mutant_T8P_Seq1,AAAEQLKPTY,>Mutant_T8P_Seq1,0.16631613013508575
>Seq1,Mutant_T8Q_Seq1,AAAEQLKQTY,>Mutant_T8Q_Seq1,0.19051810379247117
>Seq1,Mutant_T8R_Seq1,AAAEQLKRTY,>Mutant_T8R_Seq1,0.1922426039087836
>Seq1,Mutant_T8S_Seq1,AAAEQLKSTY,>Mutant_T8S_Seq1,0.1765318005480944
>Seq1,Mutant_T8V_Seq1,AAAEQLKVTY,>Mutant_T8V_Seq1,0.21960761705959045
>Seq1,Mutant_T8W_Seq1,AAAEQLKWTY,>Mutant_T8W_Seq1,0.2529633002567322
>Seq1,Mutant_T8Y_Seq1,AAAEQLKYTY,>Mutant_T8Y_Seq1,0.225000482448378
>Seq1,Mutant_T9A_Seq1,AAAEQLKTAY,>Mutant_T9A_Seq1,0.19601011351893466
>Seq1,Mutant_T9C_Seq1,AAAEQLKTCY,>Mutant_T9C_Seq1,0.21493912156075162
>Seq1,Mutant_T9D_Seq1,AAAEQLKTDY,>Mutant_T9D_Seq1,0.18390084323196723
>Seq1,Mutant_T9E_Seq1,AAAEQLKTEY,>Mutant_T9E_Seq1,0.1792444060019784
>Seq1,Mutant_T9F_Seq1,AAAEQLKTFY,>Mutant_T9F_Seq1,0.22940997057784127
>Seq1,Mutant_T9G_Seq1,AAAEQLKTGY,>Mutant_T9G_Seq1,0.20604052123831013
>Seq1,Mutant_T9H_Seq1,AAAEQLKTHY,>Mutant_T9H_Seq1,0.19573857406413567
>Seq1,Mutant_T9I_Seq1,AAAEQLKTIY,>Mutant_T9I_Seq1,0.20026746939740553
>Seq1,Mutant_T9K_Seq1,AAAEQLKTKY,>Mutant_T9K_Seq1,0.18828630832922658
>Seq1,Mutant_T9L_Seq1,AAAEQLKTLY,>Mutant_T9L_Seq1,0.20026746939740553
>Seq1,Mutant_T9M_Seq1,AAAEQLKTMY,>Mutant_T9M_Seq1,0.21286342693723623
>Seq1,Mutant_T9N_Seq1,AAAEQLKTNY,>Mutant_T9N_Seq1,0.19104706509564584
>Seq1,Mutant_T9P_Seq1,AAAEQLKTPY,>Mutant_T9P_Seq1,0.18174656466503883
>Seq1,Mutant_T9Q_Seq1,AAAEQLKTQY,>Mutant_T9Q_Seq1,0.18517997475254
>Seq1,Mutant_T9R_Seq1,AAAEQLKTRY,>Mutant_T9R_Seq1,0.18479530390923024
>Seq1,Mutant_T9S_Seq1,AAAEQLKTSY,>Mutant_T9S_Seq1,0.1984709827329131
>Seq1,Mutant_T9V_Seq1,AAAEQLKTVY,>Mutant_T9V_Seq1,0.20833830178980461
>Seq1,Mutant_T9W_Seq1,AAAEQLKTWY,>Mutant_T9W_Seq1,0.2406486107754378
>Seq1,Mutant_T9Y_Seq1,AAAEQLKTYY,>Mutant_T9Y_Seq1,0.2194554494023798
>Seq1,Mutant_Y10A_Seq1,AAAEQLKTTA,>Mutant_Y10A_Seq1,0.15976242040038144
>Seq1,Mutant_Y10C_Seq1,AAAEQLKTTC,>Mutant_Y10C_Seq1,0.16493848884661177
>Seq1,Mutant_Y10D_Seq1,AAAEQLKTTD,>Mutant_Y10D_Seq1,0.15723562147950224
>Seq1,Mutant_Y10E_Seq1,AAAEQLKTTE,>Mutant_Y10E_Seq1,0.15712667181522855
>Seq1,Mutant_Y10F_Seq1,AAAEQLKTTF,>Mutant_Y10F_Seq1,0.18646800333643318
>Seq1,Mutant_Y10G_Seq1,AAAEQLKTTG,>Mutant_Y10G_Seq1,0.1538930516681145
>Seq1,Mutant_Y10H_Seq1,AAAEQLKTTH,>Mutant_Y10H_Seq1,0.14813659636769777
>Seq1,Mutant_Y10I_Seq1,AAAEQLKTTI,>Mutant_Y10I_Seq1,0.15658305482801602
>Seq1,Mutant_Y10K_Seq1,AAAEQLKTTK,>Mutant_Y10K_Seq1,0.14999642279665193
>Seq1,Mutant_Y10L_Seq1,AAAEQLKTTL,>Mutant_Y10L_Seq1,0.16459586525740538
>Seq1,Mutant_Y10M_Seq1,AAAEQLKTTM,>Mutant_Y10M_Seq1,0.16379917548229542
>Seq1,Mutant_Y10N_Seq1,AAAEQLKTTN,>Mutant_Y10N_Seq1,0.1483420997070665
>Seq1,Mutant_Y10P_Seq1,AAAEQLKTTP,>Mutant_Y10P_Seq1,0.15593319648925572
>Seq1,Mutant_Y10Q_Seq1,AAAEQLKTTQ,>Mutant_Y10Q_Seq1,0.15293600514148328
>Seq1,Mutant_Y10R_Seq1,AAAEQLKTTR,>Mutant_Y10R_Seq1,0.15304204905002555
>Seq1,Mutant_Y10S_Seq1,AAAEQLKTTS,>Mutant_Y10S_Seq1,0.15712667181522855
>Seq1,Mutant_Y10T_Seq1,AAAEQLKTTT,>Mutant_Y10T_Seq1,0.15920968441581246
>Seq1,Mutant_Y10V_Seq1,AAAEQLKTTV,>Mutant_Y10V_Seq1,0.16232982534123544
>Seq1,Mutant_Y10W_Seq1,AAAEQLKTTW,>Mutant_Y10W_Seq1,0.19805870273124232

